variance,speedKmh,class
1.422052176898186637e+00,1.977758084760354862e+01,2.000000000000000000e+00
8.328390813874463339e-01,9.390102080861505840e+01,3.000000000000000000e+00
7.076073132931938459e-02,2.595157025436913845e-01,0.000000000000000000e+00
1.635825456807445732e+00,5.409039363941679568e+01,3.000000000000000000e+00
5.009974557960914648e-02,2.077368307647618484e-01,0.000000000000000000e+00
-5.028517331521417666e-04,1.353427115757473431e-01,0.000000000000000000e+00
2.758990251942475824e-01,6.037699245889695021e+01,3.000000000000000000e+00
1.301280798622560519e+00,4.152403018054147132e+00,1.000000000000000000e+00
1.708936910487011351e+00,4.858166848013851791e+00,1.000000000000000000e+00
3.011153283408706249e-01,6.293586023971099053e+01,3.000000000000000000e+00
2.368379430069123340e-02,3.755340842443204430e-01,0.000000000000000000e+00
2.351317732619516931e+00,1.599278178402025041e+01,2.000000000000000000e+00
2.229815184960087127e+00,1.201879307228563398e+01,2.000000000000000000e+00
2.171190601483207416e+00,1.520019612278041166e+01,2.000000000000000000e+00
1.505213766618202165e+00,1.936766331624482262e+01,2.000000000000000000e+00
4.602732815527209587e-01,3.240763670422138887e+01,3.000000000000000000e+00
1.046635297070644510e+00,5.935646290814229786e+00,1.000000000000000000e+00
2.793515152780190469e+00,2.313512544042703212e+01,2.000000000000000000e+00
2.221905735989555097e+00,1.763715555417665470e+01,2.000000000000000000e+00
2.696799304788365798e-02,2.203463635867223269e-01,0.000000000000000000e+00
1.139086384187102174e+00,5.045200557898099625e+00,1.000000000000000000e+00
4.809963421921911036e-02,6.172002690356639953e-02,0.000000000000000000e+00
5.731510388340242679e-02,1.138715798671736390e-01,0.000000000000000000e+00
1.532987252540897849e+00,2.152042157245597309e+01,2.000000000000000000e+00
3.244187352390364154e+00,1.962438818461436441e+01,2.000000000000000000e+00
3.930576460589513266e-02,2.224092481810416855e-01,0.000000000000000000e+00
6.614285508564857197e-02,2.491919171506505881e-01,0.000000000000000000e+00
6.802276788923771189e-01,7.416428846513113626e+01,3.000000000000000000e+00
9.821220834282042844e-01,7.905749094405877031e+01,3.000000000000000000e+00
3.419876203169636586e+00,2.078352038424371173e+01,2.000000000000000000e+00
1.156691876422817122e+00,6.230603778644367985e+00,1.000000000000000000e+00
9.411094700488877862e-01,4.388259867007622006e+01,3.000000000000000000e+00
2.161151531532393838e-02,1.240867338446302037e-01,0.000000000000000000e+00
2.727204466310770847e-01,4.691848633745152597e+01,3.000000000000000000e+00
6.387624236922432308e-01,4.565827191420339659e+00,1.000000000000000000e+00
1.587117168498829667e+00,1.249138388069011008e+01,2.000000000000000000e+00
6.166102486350553968e-02,1.014273953664456274e-01,0.000000000000000000e+00
1.046995080343575912e+00,4.893961011206519274e+00,1.000000000000000000e+00
1.903252702683179698e-01,6.246409613568971508e+01,3.000000000000000000e+00
4.163748278772645001e-02,1.424181759355320209e-01,0.000000000000000000e+00
1.433243543465979597e-01,9.279929058742786196e+01,3.000000000000000000e+00
2.635033865344377446e+00,1.835874110524245850e+01,2.000000000000000000e+00
2.087683425001487958e+00,2.282203672805997741e+01,2.000000000000000000e+00
1.726438254595309196e+00,4.865402575323027001e+00,1.000000000000000000e+00
1.373121638154161994e+00,4.468355876914675839e+00,1.000000000000000000e+00
1.607586751838658429e-02,2.813509636000638414e-01,0.000000000000000000e+00
2.724776357659667525e+00,1.588496443272477343e+01,2.000000000000000000e+00
1.511261983277369714e+00,4.633161766570444762e+00,1.000000000000000000e+00
2.396742692710875033e+00,1.437107694392638280e+01,2.000000000000000000e+00
1.221469871165817622e+00,4.460429032278053540e+00,1.000000000000000000e+00
4.342736562379941045e-02,1.506999065341167177e-01,0.000000000000000000e+00
5.830804235404148106e-02,1.174502803207488483e-01,0.000000000000000000e+00
1.377930377390515160e+00,5.977309596838132677e+00,1.000000000000000000e+00
1.322475826714341496e+00,3.726419085496629702e+00,1.000000000000000000e+00
4.692896418993951213e-02,1.400624977046227293e-01,0.000000000000000000e+00
4.385406147032012703e-01,6.560322317639213452e+01,3.000000000000000000e+00
1.711443952057571938e-01,5.742924977122138586e+01,3.000000000000000000e+00
1.217765530204346414e+00,4.537149238524919248e+00,1.000000000000000000e+00
1.182916312883679710e+00,3.355379918305561482e+00,1.000000000000000000e+00
1.097193721775895359e+00,4.606375739317500440e+00,1.000000000000000000e+00
1.970557868565530057e+00,2.547899855229837129e+01,2.000000000000000000e+00
1.868549541224526100e+00,1.914347515464833194e+01,2.000000000000000000e+00
2.754091408368758209e+00,1.627046879781984146e+01,2.000000000000000000e+00
5.926752258488643399e-02,2.332314011979591817e-01,0.000000000000000000e+00
4.369267717064608675e-02,3.831458765854354187e-01,0.000000000000000000e+00
5.428000988184183973e-02,2.074094780419775408e-01,0.000000000000000000e+00
7.745682576206967818e-03,3.366874267444525115e-01,0.000000000000000000e+00
1.558312700057955594e-02,4.791220047749816802e-03,0.000000000000000000e+00
2.373244237948996638e+00,1.732570379432194940e+01,2.000000000000000000e+00
9.064321113538761354e-01,8.152014277197196179e+01,3.000000000000000000e+00
1.413899529051716453e+00,4.098356620517910720e+00,1.000000000000000000e+00
1.467812559895090185e+00,1.952397398073762957e+01,2.000000000000000000e+00
2.002791070820356678e-01,4.424432496183521835e+01,3.000000000000000000e+00
5.908527750804470902e-01,4.914652400531956289e+01,3.000000000000000000e+00
3.229835439167366706e-02,1.439818959803030596e-01,0.000000000000000000e+00
4.047090574820964015e-01,4.142853108359576986e+00,1.000000000000000000e+00
3.615278070437755176e-02,2.690143991711112514e-01,0.000000000000000000e+00
1.344302769521013907e+00,5.026835418138264622e+00,1.000000000000000000e+00
8.538885874247079677e-01,4.188535398274761690e+01,3.000000000000000000e+00
1.422998187884679577e+00,4.267650303570998460e+01,3.000000000000000000e+00
7.955443733682860952e-01,5.172514839190979430e+00,1.000000000000000000e+00
1.543126212962078636e+00,4.274572312911594452e+00,1.000000000000000000e+00
5.951090254244718880e-02,1.797807347566106051e-01,0.000000000000000000e+00
2.438520413611561022e+00,1.958907826307019207e+01,2.000000000000000000e+00
1.477208105762070289e+00,4.463531186915601801e+00,1.000000000000000000e+00
4.258054517720626375e-01,8.267540193734129161e+01,3.000000000000000000e+00
4.682303949633288137e-02,2.971570950954355306e-01,0.000000000000000000e+00
1.341440507140798655e+00,3.861362204369236828e+00,1.000000000000000000e+00
5.645089824206378504e-02,4.133033374656266967e-01,0.000000000000000000e+00
1.913149998030710730e+00,1.982741436272153024e+01,2.000000000000000000e+00
1.281137047733951650e+00,4.039489739009781033e+00,1.000000000000000000e+00
6.271422042109613404e-01,2.633123615558099573e+01,3.000000000000000000e+00
3.855979756839332528e-02,2.681952971294964128e-01,0.000000000000000000e+00
2.312225909279986169e+00,1.468990018147837873e+01,2.000000000000000000e+00
6.931297537843109091e-02,3.441273289066115737e-01,0.000000000000000000e+00
9.733851202940031477e-01,5.012674289013608231e+00,1.000000000000000000e+00
9.710222530372448757e-01,4.997447969773757492e+00,1.000000000000000000e+00
1.077577388093534427e+00,3.311551701570422335e+00,1.000000000000000000e+00
2.550586371155449505e+00,1.573974638896144995e+01,2.000000000000000000e+00
7.099868810035078748e-02,2.150393786476207658e-01,0.000000000000000000e+00
1.408861909444025340e+00,3.846451463210211141e+00,1.000000000000000000e+00
1.714059404338753867e-02,9.407864781110485131e-02,0.000000000000000000e+00
1.245090528438563160e+00,5.940752346328652678e+00,1.000000000000000000e+00
1.335273470718048916e+00,6.814104574249070367e+01,3.000000000000000000e+00
1.936712724086411819e-01,7.906273267826489359e+01,3.000000000000000000e+00
1.034392846470012950e+00,5.222963093822228586e+01,3.000000000000000000e+00
1.515098510210461269e+00,1.688150054372469810e+01,2.000000000000000000e+00
1.126277080774216621e+00,5.605727192830022076e+00,1.000000000000000000e+00
9.609314233588569509e-01,5.342522282666323008e+00,1.000000000000000000e+00
4.432917179163949756e-02,1.044459559399574244e-01,0.000000000000000000e+00
2.471649014518193965e+00,2.580504934254118510e+01,2.000000000000000000e+00
1.537969508864327040e+00,4.185328950138111459e+00,1.000000000000000000e+00
1.985297229437373634e+00,2.310664483390571178e+01,2.000000000000000000e+00
2.993048691767601771e-02,1.191701714644848586e-01,0.000000000000000000e+00
6.761998719116265599e-01,5.697453432692976349e+01,3.000000000000000000e+00
5.251422939981804650e-01,5.482407874665795333e+01,3.000000000000000000e+00
2.039182474391308730e+00,1.735967138720937442e+01,2.000000000000000000e+00
1.798162716015134777e+00,1.867405417725565897e+01,2.000000000000000000e+00
9.628576633664063245e-01,4.358442218004760171e+00,1.000000000000000000e+00
1.450707633619542580e+00,4.843694575306068728e+00,1.000000000000000000e+00
1.319740834305621169e+00,5.067203006070809757e+00,1.000000000000000000e+00
3.073164614375075571e-02,1.073069528421917163e-01,0.000000000000000000e+00
1.626827303490656185e+00,1.737202896854440226e+01,2.000000000000000000e+00
1.365707963061205454e+00,1.754259049085836963e+01,2.000000000000000000e+00
7.777464915846535876e-01,5.456037303139874339e+00,1.000000000000000000e+00
4.628494665190548141e-02,5.698586220393672686e-02,0.000000000000000000e+00
1.320332657158847511e-01,6.638349020838360559e+01,3.000000000000000000e+00
3.021007580068184595e+00,2.098814305741744946e+01,2.000000000000000000e+00
1.341779244723912967e+00,3.573308248645965968e+00,1.000000000000000000e+00
1.875392572547790113e-02,-1.238957243098068317e-02,0.000000000000000000e+00
1.214556488383448096e+00,3.813313775855029064e+00,1.000000000000000000e+00
9.113444304666551421e-01,5.935354140015256519e+00,3.000000000000000000e+00
5.563645743554621048e-02,1.530824347895295423e-01,0.000000000000000000e+00
2.252100551975938281e+00,1.690514181137134386e+01,2.000000000000000000e+00
8.130117300776837919e-01,4.972523864553847872e+00,1.000000000000000000e+00
1.581466528498247648e+00,4.447399791141609882e+00,1.000000000000000000e+00
5.862560238232397691e-02,2.117327383308782174e-01,0.000000000000000000e+00
1.384780682083279091e+00,4.420659308976493840e+00,1.000000000000000000e+00
1.349319110487018136e+00,8.620617492239216517e+01,3.000000000000000000e+00
4.417727190009510668e-02,1.848214904964416705e-01,0.000000000000000000e+00
7.174231728666516927e-01,5.550288036383842893e+01,3.000000000000000000e+00
3.074788371593469627e+00,2.001954405380987367e+01,2.000000000000000000e+00
9.440338333179237873e-02,2.412605135768858267e-02,0.000000000000000000e+00
1.276808920294162597e+00,5.702718641413720313e+00,1.000000000000000000e+00
1.313190147913455563e+00,4.075202435998545702e+00,1.000000000000000000e+00
7.772371802421060294e-02,1.981486864007610260e-01,0.000000000000000000e+00
2.420237368980199477e+00,1.604592931862451266e+01,2.000000000000000000e+00
2.569392581480063609e-02,5.078880808455237261e-01,0.000000000000000000e+00
1.750425887412480619e-01,5.823274081589329398e+01,3.000000000000000000e+00
2.397901766718704586e+00,2.097612704860956967e+01,2.000000000000000000e+00
5.503866065373548555e-02,1.226990216144533546e-01,0.000000000000000000e+00
-2.690678184056145561e-01,7.042244856758676974e+01,3.000000000000000000e+00
8.246659270844090006e-01,3.946473544095004282e+00,1.000000000000000000e+00
8.986731378677347698e-03,1.160278157819223943e-01,0.000000000000000000e+00
4.174094136476342448e-02,3.158110873500067917e-01,0.000000000000000000e+00
5.141781021386333805e-02,3.964725132916389616e-01,0.000000000000000000e+00
1.318335642713488909e+00,5.504604900458816452e+00,1.000000000000000000e+00
4.715574720696566469e-02,1.937320902726828165e-01,0.000000000000000000e+00
2.219001739084100144e+00,2.495798861994508400e+01,2.000000000000000000e+00
-1.466146468292240934e-01,2.796068376205663242e+01,3.000000000000000000e+00
9.067334265604346522e-01,5.916640508508407947e+00,1.000000000000000000e+00
4.372908629538855424e-02,9.184519963856051239e-02,0.000000000000000000e+00
3.344675706804463300e-02,1.493056824628870294e-01,0.000000000000000000e+00
1.958406768850313284e+00,1.564203161847615142e+01,2.000000000000000000e+00
2.774382850186051908e+00,2.217062264705193897e+01,2.000000000000000000e+00
1.074954420625900520e+00,7.121838895882477516e+01,3.000000000000000000e+00
4.990585991494849161e-01,6.520643677542440741e+01,3.000000000000000000e+00
8.366951400712629994e-01,4.988468596227058072e+00,1.000000000000000000e+00
1.149950567659273837e+00,9.550621785219024673e+01,3.000000000000000000e+00
3.041651524309420263e-02,1.782318796772779934e-01,0.000000000000000000e+00
1.932382394219716248e+00,1.783269276702688089e+01,2.000000000000000000e+00
1.884578142088199487e-02,7.621845011731509523e-02,0.000000000000000000e+00
1.088567740201262568e+00,3.939903348048661158e+00,1.000000000000000000e+00
4.210712417364994575e-01,4.875663946843395991e+01,3.000000000000000000e+00
3.851108168467665821e-02,1.172769056447677122e-01,0.000000000000000000e+00
1.205379897296852576e+00,1.034188543499562769e+02,3.000000000000000000e+00
7.774616110909320366e-01,5.655011683258607924e+00,1.000000000000000000e+00
1.118182929075698828e+00,5.018967910071713945e+00,1.000000000000000000e+00
1.119037519411988590e+00,4.731334915126254259e+00,1.000000000000000000e+00
1.333278993445811800e+00,4.048737095410617215e+00,1.000000000000000000e+00
1.413287990461047361e+00,4.695040571016958708e+00,1.000000000000000000e+00
2.258245191821618425e-01,5.962582487108205243e+01,3.000000000000000000e+00
9.942919982719451433e-01,9.197294341009433083e+01,3.000000000000000000e+00
2.207789523790733899e+00,1.855404091759472607e+01,2.000000000000000000e+00
9.277309013875205679e-01,4.423152080220280169e+00,1.000000000000000000e+00
5.582063894086093658e-02,2.024510174258942752e-01,0.000000000000000000e+00
2.523597969851370859e+00,2.087010695038375019e+01,2.000000000000000000e+00
1.214219601394924242e+00,5.364624580443697610e+00,1.000000000000000000e+00
5.937289981065778377e-02,2.243687211491912359e-01,0.000000000000000000e+00
2.373251940865357845e+00,1.743908609104366292e+01,2.000000000000000000e+00
3.330997528318103279e-02,2.538910043684659001e-01,0.000000000000000000e+00
2.468880867305323079e-02,5.570157939422529125e+01,3.000000000000000000e+00
6.922606110855541450e-01,6.521545940698898036e+00,1.000000000000000000e+00
5.278080345637496951e-01,8.608680485756305245e+01,3.000000000000000000e+00
2.290587463237703236e-01,6.702896415083165493e+01,3.000000000000000000e+00
2.418161834837016411e+00,1.842515074091971528e+01,2.000000000000000000e+00
6.246719399391886807e-01,6.574248330403648310e+01,3.000000000000000000e+00
1.231929068307568986e+00,4.723217220616271028e+00,1.000000000000000000e+00
1.953121708419343960e+00,1.207360030093838610e+01,2.000000000000000000e+00
9.861462651968506687e-01,4.423763574090438411e+00,1.000000000000000000e+00
2.018927349738623353e-02,2.872320636720678277e-01,0.000000000000000000e+00
6.869494822030123293e-01,3.955158674020095244e+00,1.000000000000000000e+00
6.317191158014807961e-02,4.658858292643777710e-02,0.000000000000000000e+00
5.044271603321222042e-01,2.041400379248424457e+01,3.000000000000000000e+00
1.258753576529304308e+00,5.128640126920665843e+00,1.000000000000000000e+00
5.034969381525830068e-01,8.748876186341634309e+01,3.000000000000000000e+00
1.197075427583808693e+00,2.837618595935733268e+01,3.000000000000000000e+00
1.036524273957315057e+00,4.657216935761176124e+00,1.000000000000000000e+00
4.519765588496846981e-02,3.179440120721287455e-01,0.000000000000000000e+00
7.469149253605362748e-01,4.454244664352781768e+01,3.000000000000000000e+00
5.654366498072047748e-02,3.368631557532348886e-01,0.000000000000000000e+00
1.004449167659352327e+00,4.947832358344832038e+00,1.000000000000000000e+00
1.238766354592568231e+00,4.189838752051212367e+00,1.000000000000000000e+00
2.339497081111901355e+00,1.918401458946894422e+01,2.000000000000000000e+00
4.808101713629076707e-02,9.974706353621912158e-02,0.000000000000000000e+00
2.560311583210582789e-02,1.307090404739345846e-01,0.000000000000000000e+00
9.408027690960552025e-01,4.647868898955898942e+00,1.000000000000000000e+00
2.654696148165040792e-03,-3.019211647355848904e-02,0.000000000000000000e+00
1.874290998192776003e+00,1.766632181595389994e+01,2.000000000000000000e+00
9.828423073230019291e-02,6.153703765917536117e+01,3.000000000000000000e+00
7.865719929734105165e-01,6.337309343933455352e+01,3.000000000000000000e+00
8.785549789826860856e-01,5.725102970744616471e+01,3.000000000000000000e+00
2.025673932796070442e+00,2.259225249703109029e+01,2.000000000000000000e+00
9.031185539224256820e-01,4.085910960771062861e+00,1.000000000000000000e+00
1.606200790485243779e+00,2.158989445993695355e+01,2.000000000000000000e+00
2.892136409255259277e+00,1.817103937469125441e+01,2.000000000000000000e+00
8.772422429052575410e-01,6.723007050412203967e+01,3.000000000000000000e+00
7.780016709455332968e-01,4.958066225084927225e+00,1.000000000000000000e+00
7.292317092464115635e-01,6.577387258559714667e+01,3.000000000000000000e+00
7.875097024300095061e-01,4.496061336522362240e+01,3.000000000000000000e+00
1.880519126155248966e+00,2.155711246398898950e+01,2.000000000000000000e+00
4.947665841823575134e-02,1.857620514978706727e-01,0.000000000000000000e+00
6.585353698006443102e-01,3.243820224087635040e+00,1.000000000000000000e+00
7.804297278542575711e-01,3.719301397618133720e+00,1.000000000000000000e+00
8.461469936052213869e-01,6.389472389437549538e+01,3.000000000000000000e+00
1.000418437026856511e+00,4.510194710387101935e+01,3.000000000000000000e+00
1.715827772568182530e+00,2.020463335814945083e+01,2.000000000000000000e+00
1.022281822728339229e+00,4.894654320704711736e+00,1.000000000000000000e+00
9.665085823793061470e-01,5.108331724915437633e+00,1.000000000000000000e+00
4.593969346466372089e-02,3.237816311973462091e-01,0.000000000000000000e+00
2.275209452571788304e+00,2.158971450499347355e+01,2.000000000000000000e+00
1.018804443985253716e+00,4.523804911596596590e+00,1.000000000000000000e+00
1.300098631586084519e+00,4.805927796947240260e+00,1.000000000000000000e+00
1.855406090955216136e+00,1.523797922076190048e+01,2.000000000000000000e+00
1.204178787573883858e+00,3.412115087216064602e+00,1.000000000000000000e+00
1.229799691628767677e+00,3.998426353769786168e+00,1.000000000000000000e+00
1.688603717400797510e+00,1.707265060739249662e+01,2.000000000000000000e+00
1.267165207283739381e+00,6.108163631013079353e+00,1.000000000000000000e+00
4.770634759457673818e-02,2.669672548830038794e-01,0.000000000000000000e+00
2.579464294893382803e+00,1.961488823714890017e+01,2.000000000000000000e+00
2.330336882911953733e+00,1.573276452152146554e+01,2.000000000000000000e+00
1.822620239593631730e+00,4.148215153380659714e+00,1.000000000000000000e+00
3.237630436312632920e+00,1.961626797733910621e+01,2.000000000000000000e+00
2.390967726115776681e+00,1.844600237160633327e+01,2.000000000000000000e+00
1.284245349032770100e+00,6.863845089347881867e+01,3.000000000000000000e+00
8.963686874219496392e-01,5.045513191701049394e+00,1.000000000000000000e+00
1.123506834773743357e+00,4.986317207773231175e+00,1.000000000000000000e+00
5.513009966466865253e-01,4.313506809367616768e+01,3.000000000000000000e+00
5.030070534417319800e-02,1.892969640045442381e-01,0.000000000000000000e+00
1.923205879146002939e+00,1.271757356405767325e+01,2.000000000000000000e+00
2.426767150756989899e+00,1.618285523098998624e+01,2.000000000000000000e+00
4.349155625663678193e-02,1.711341361079861678e-01,0.000000000000000000e+00
9.450466891605624475e-01,3.701316767408967312e+00,1.000000000000000000e+00
2.739340416715648097e+00,1.798178726538031924e+01,2.000000000000000000e+00
1.175392597329416935e-02,2.130740577286091564e-01,0.000000000000000000e+00
5.986502170356191588e-01,2.338734206287086437e+01,3.000000000000000000e+00
1.084633336731052333e+00,4.867344063382748942e+00,1.000000000000000000e+00
7.133151486184567958e-01,8.171572649878694961e+01,3.000000000000000000e+00
1.414749698188411564e+00,1.625076768429318363e+01,2.000000000000000000e+00
1.881207857341318679e+00,3.885761947916697157e+00,1.000000000000000000e+00
2.787284197278619979e-01,7.017450046459867963e+01,3.000000000000000000e+00
2.950379895317155388e+00,1.437091577147667820e+01,2.000000000000000000e+00
1.651197896574806645e+00,4.649287298525086598e+00,1.000000000000000000e+00
1.254559876517548522e+00,4.472252090090575116e+00,1.000000000000000000e+00
5.027571901824418044e-02,9.647576775806260274e-02,0.000000000000000000e+00
4.522110544359778800e-02,5.925362256234448233e-02,0.000000000000000000e+00
2.113686350029590155e+00,1.824548807564269381e+01,2.000000000000000000e+00
4.722791211016828111e-02,2.096995964992718342e-01,0.000000000000000000e+00
6.673843905078457039e-01,2.858247695863001425e+01,3.000000000000000000e+00
-2.527632347866293205e-02,7.621616546319563668e+01,3.000000000000000000e+00
3.029272904341793332e-02,1.469498852389472532e-01,0.000000000000000000e+00
1.887218649245235413e+00,1.599572863907085463e+01,2.000000000000000000e+00
1.221995390156521033e+00,4.212566327370351971e+00,1.000000000000000000e+00
1.985942419517043867e+00,1.756773733283515426e+01,2.000000000000000000e+00
3.531726086101638629e-02,1.515765927133748692e-01,0.000000000000000000e+00
7.694396262373843776e-01,6.848122088928178641e+01,3.000000000000000000e+00
1.190174018935200362e+00,4.699506946968604382e+00,1.000000000000000000e+00
2.220295845601941487e+00,1.271771172253254711e+01,2.000000000000000000e+00
3.628682046672365713e-02,3.098776851987190550e-01,0.000000000000000000e+00
2.217041734129613140e+00,2.418451072990919215e+01,2.000000000000000000e+00
1.460881776031698109e+00,3.990090298154785664e+00,1.000000000000000000e+00
1.822862074990321268e+00,2.111971406218822978e+01,2.000000000000000000e+00
3.327423657844023608e-01,7.559321064538679025e+01,3.000000000000000000e+00
2.798722620162390207e-02,2.069802084990018942e-01,0.000000000000000000e+00
1.875361227466996628e+00,2.262632985770362737e+01,2.000000000000000000e+00
8.623532858104869803e-01,5.936702138476417367e+00,1.000000000000000000e+00
1.311343762011392577e+00,4.522654700904368497e+00,1.000000000000000000e+00
4.532702352741249108e-01,7.495820512235067667e+01,3.000000000000000000e+00
2.101882781317433446e-01,6.446477828258319676e+01,3.000000000000000000e+00
2.262612251323953938e+00,1.892649903779689069e+01,2.000000000000000000e+00
5.225362162881127537e-01,7.484254982143784218e+01,3.000000000000000000e+00
5.094063604600671535e-01,4.754701276531095999e+01,3.000000000000000000e+00
7.035429984402692405e-01,5.977365860588826685e+00,1.000000000000000000e+00
1.864188316030974457e+00,1.530459605462688799e+01,2.000000000000000000e+00
2.359890967071268442e+00,1.410950415613245923e+01,2.000000000000000000e+00
1.547798941009274287e+00,5.197965862624116085e+00,1.000000000000000000e+00
2.232285127597733940e-02,2.366598246096848490e-01,0.000000000000000000e+00
1.998674701577700663e-01,6.754200787804373363e+01,3.000000000000000000e+00
6.705766221108900860e-01,3.712547585358676372e+01,3.000000000000000000e+00
5.094084432393892747e-01,2.393720647488110131e+01,3.000000000000000000e+00
1.043879936782489359e+00,4.692467322702360377e+01,3.000000000000000000e+00
2.689639117405120960e-01,5.933540018711078545e+01,3.000000000000000000e+00
6.505518318185646853e-01,7.243143779712102059e+01,3.000000000000000000e+00
3.856146219543807874e-01,8.248225439972026152e+01,3.000000000000000000e+00
2.321564953554722949e-02,3.277664895788424682e-01,0.000000000000000000e+00
1.538455103296251014e+00,2.015685993199519999e+01,2.000000000000000000e+00
4.592240554129152497e-02,5.519156585026760431e-02,0.000000000000000000e+00
1.538271367132089743e-02,1.423096344337597130e-01,0.000000000000000000e+00
9.063708852653077352e-01,6.464240111928715393e+00,1.000000000000000000e+00
1.090773289553722991e+00,6.042623297343884303e+01,3.000000000000000000e+00
1.700706457586817821e+00,4.905819224885838103e+00,1.000000000000000000e+00
5.268414235580639593e-01,4.707545380312393490e+01,3.000000000000000000e+00
4.120460419882052833e-02,1.891239851543142503e-01,0.000000000000000000e+00
2.882070214986922174e+00,1.806381473020818618e+01,2.000000000000000000e+00
2.682043584144178983e+00,1.889787774121947450e+01,2.000000000000000000e+00
1.234268294598611870e+00,3.958886158352584062e+00,1.000000000000000000e+00
9.532439108588636190e-01,7.586977441104426134e+01,3.000000000000000000e+00
8.612844686348312129e-01,6.004925655552471930e+00,1.000000000000000000e+00
2.938270174862948281e+00,1.880217694221570923e+01,2.000000000000000000e+00
7.195011633462744527e-01,8.065092408683314318e+01,3.000000000000000000e+00
7.158425631014783685e-02,3.266911149186623176e-01,0.000000000000000000e+00
1.431259558166090073e+00,4.081711978277385633e+00,1.000000000000000000e+00
2.190181100536659375e+00,1.641414995475073013e+01,2.000000000000000000e+00
1.375571599623313990e+00,5.260779327912732128e+01,3.000000000000000000e+00
3.723471397657630855e-02,2.917861947054776195e-01,0.000000000000000000e+00
4.500985700691752939e-02,4.055723412056327914e-02,0.000000000000000000e+00
3.215783693735684706e-02,1.528961694381677228e-01,0.000000000000000000e+00
1.359086773831447506e-02,3.353872374165413062e-01,0.000000000000000000e+00
2.940479592465922512e-02,2.412931454275624443e-01,0.000000000000000000e+00
2.181388881745079278e+00,1.800913806046024490e+01,2.000000000000000000e+00
2.486217079821426146e-04,2.628345509264279900e-01,0.000000000000000000e+00
6.107604104069806056e-02,2.504046515517844851e-01,0.000000000000000000e+00
2.225972942903649887e+00,2.157193882435902310e+01,2.000000000000000000e+00
1.094545954787607300e+00,5.352384300052280608e+00,1.000000000000000000e+00
5.704866669592448258e-02,2.881639756949450626e-01,0.000000000000000000e+00
6.267962868899487061e-01,1.696369197341390134e+01,3.000000000000000000e+00
1.274466175890100805e+00,4.687371786029216558e+00,1.000000000000000000e+00
2.858697032817163031e+00,1.967498073756516774e+01,2.000000000000000000e+00
7.303185266328665604e-01,5.332361020487979886e+01,3.000000000000000000e+00
8.947375588369732569e-01,5.462938704188335493e+01,3.000000000000000000e+00
1.144804999094196196e+00,2.988367415243574854e+00,1.000000000000000000e+00
1.283990587895946112e+00,5.738004161064049313e+00,1.000000000000000000e+00
2.385192557079486853e-01,5.069379086439893456e+01,3.000000000000000000e+00
9.502971425632136260e-01,2.198458242554717401e+01,2.000000000000000000e+00
7.757286896849624469e-01,2.045329889760085962e+01,2.000000000000000000e+00
3.858687256184308856e-01,7.111208932006897498e+01,3.000000000000000000e+00
1.480703517944238268e+00,5.752419223387472691e+00,1.000000000000000000e+00
1.425416137011536577e+00,5.949958846397542800e+00,1.000000000000000000e+00
1.501887842764332071e+00,4.443867430833082111e+00,1.000000000000000000e+00
3.425800670730151931e-01,3.531302256240155657e+01,3.000000000000000000e+00
3.401985299068265023e-02,2.791662693962936315e-01,0.000000000000000000e+00
3.768703435223519360e-02,1.410635243055788635e-01,0.000000000000000000e+00
2.340595711984688077e+00,2.121752201192940745e+01,2.000000000000000000e+00
2.867404540794456225e-02,2.183342005738351799e-01,0.000000000000000000e+00
2.070478927089648646e+00,1.683546954437631271e+01,2.000000000000000000e+00
2.715141727015921269e+00,1.615979200937718119e+01,2.000000000000000000e+00
7.469462027264712756e-01,2.831728113989020557e+01,3.000000000000000000e+00
3.271135179305932006e+00,1.705077465091559574e+01,2.000000000000000000e+00
1.782326473370121622e+00,1.441235081389444694e+01,2.000000000000000000e+00
-5.489048853126597960e-01,8.680900892046288675e+01,3.000000000000000000e+00
5.712797588646945091e-02,1.967305251905906993e-01,0.000000000000000000e+00
1.283840835360789412e-01,1.128868669403406955e+02,3.000000000000000000e+00
3.016715766150547928e+00,2.241351098248082607e+01,2.000000000000000000e+00
2.098209819948819277e+00,2.567459785700475550e+01,2.000000000000000000e+00
2.461417744017750042e+00,2.127393036178280639e+01,2.000000000000000000e+00
5.643805008750447938e-02,7.858113872122679533e-02,0.000000000000000000e+00
1.377300626521554161e+00,2.449500703470325291e+01,2.000000000000000000e+00
1.787330051987943633e-02,2.825416348988030180e-01,0.000000000000000000e+00
5.106136070512591330e-01,4.056686530917427547e+01,3.000000000000000000e+00
1.090916336335843173e+00,4.467873639484524873e+00,1.000000000000000000e+00
2.239317595158045293e+00,1.033823659529413597e+01,2.000000000000000000e+00
1.070232543654113577e+00,4.117001102669218149e+00,1.000000000000000000e+00
9.431748522273397661e-01,4.328808924619592879e+00,1.000000000000000000e+00
1.184928567165258961e+00,4.597607851716289495e+00,1.000000000000000000e+00
2.709760490789751494e-02,1.869856945632315526e-01,0.000000000000000000e+00
2.563814771818490268e+00,1.931081450923904796e+01,2.000000000000000000e+00
3.928347921780096785e-02,1.181779316766527477e-01,0.000000000000000000e+00
1.032019226285859403e+00,8.791367621579911429e+01,3.000000000000000000e+00
1.477853264259492372e+00,3.761413403111276477e+00,1.000000000000000000e+00
7.713228388830594140e-01,5.259977940235744853e+01,3.000000000000000000e+00
2.077921682354675781e+00,2.022628611602792148e+01,2.000000000000000000e+00
8.380911251619957425e-02,1.232652437111950577e-01,0.000000000000000000e+00
5.644120319988980145e-02,3.551151975522522930e-01,0.000000000000000000e+00
4.187087802690898641e-01,8.747317090325915956e+01,3.000000000000000000e+00
4.993428306022465457e-02,7.391160456649548127e-02,0.000000000000000000e+00
1.164888222166171605e+00,6.012844539621875839e+01,3.000000000000000000e+00
8.756810017200307161e-01,5.020160942366929113e+00,1.000000000000000000e+00
1.425009967697258073e+00,5.052321305858167477e+01,3.000000000000000000e+00
3.067981901582625071e+00,1.850808247210823509e+01,2.000000000000000000e+00
1.403503133234165645e+00,1.919906385525792558e+01,2.000000000000000000e+00
1.508522442576024081e-02,1.910879960487211759e-01,0.000000000000000000e+00
1.011984327032464437e+00,4.815071481694211286e+01,3.000000000000000000e+00
1.152597630426303033e+00,4.108448445985422026e+00,1.000000000000000000e+00
3.560656224324976193e-02,1.987753227153085389e-01,0.000000000000000000e+00
8.610879436027145672e-01,4.666150149730489360e+00,1.000000000000000000e+00
4.648167938789590087e-02,1.171004989077927827e-01,0.000000000000000000e+00
2.454349570924856463e-02,2.614166700043425440e-01,0.000000000000000000e+00
3.106970095865958098e-02,2.384065448939307330e-01,0.000000000000000000e+00
6.718327127758391137e-01,5.897212552823027210e+01,3.000000000000000000e+00
1.256030029343123466e+00,5.938149221479617879e+00,1.000000000000000000e+00
3.345471286295371272e+00,1.966869002820197920e+01,2.000000000000000000e+00
1.249871383387824331e+00,5.499906970802094719e+01,3.000000000000000000e+00
5.599383694080188878e-01,9.802381371506015739e+01,3.000000000000000000e+00
9.199767607768200017e-01,7.906250090752173776e+01,3.000000000000000000e+00
2.639950556843018506e-02,2.005243699718183281e-01,0.000000000000000000e+00
5.669277256629202677e-01,5.507875023740102449e+01,3.000000000000000000e+00
6.114244452437831573e-02,2.307299520876609500e-01,0.000000000000000000e+00
2.890045677073725727e+00,1.896509341858804021e+01,2.000000000000000000e+00
3.305261500795675822e+00,1.668762509902976987e+01,2.000000000000000000e+00
1.853547401102046521e+00,1.432710529113190390e+01,2.000000000000000000e+00
1.217297411308875699e+00,5.925926405903175720e+01,3.000000000000000000e+00
2.224430035162852537e+00,1.969652893689463369e+01,2.000000000000000000e+00
3.061051228130095767e-02,2.443819428146228601e-01,0.000000000000000000e+00
1.308900638667897631e+00,6.230052158294834186e+01,3.000000000000000000e+00
2.698133409723570075e+00,1.819342324443035963e+01,2.000000000000000000e+00
5.185304999292136285e-01,5.878678372370758609e+01,3.000000000000000000e+00
7.704556369017875883e-02,2.662130674521047125e-01,0.000000000000000000e+00
5.121569052736468786e-02,2.955142320501238373e-01,0.000000000000000000e+00
9.666549937227373324e-01,3.281450476172980135e+00,1.000000000000000000e+00
9.418759904148141793e-01,5.167137723639123159e+00,1.000000000000000000e+00
1.578068382304357531e+00,1.758463204804867885e+01,2.000000000000000000e+00
3.401707792619137471e+00,1.791808638147020361e+01,2.000000000000000000e+00
5.681434435017138629e-01,5.127228218946862626e+01,3.000000000000000000e+00
4.171614973654912406e-01,7.342680152900931034e+01,3.000000000000000000e+00
1.073704655753921156e+00,3.784314158224396873e+00,1.000000000000000000e+00
5.908003526986405074e-02,1.300274492007414406e-01,0.000000000000000000e+00
1.118797818624443607e+00,2.397884531694521826e+01,3.000000000000000000e+00
2.875424941518054528e-02,7.522168180351505862e-02,0.000000000000000000e+00
4.511172895715787612e-01,4.515058828603903862e+01,3.000000000000000000e+00
2.354910355113513987e+00,1.617065128704185284e+01,2.000000000000000000e+00
1.603626013846493281e+00,3.915255968046464474e+00,1.000000000000000000e+00
3.078722458080425037e-02,2.899599875433250817e-01,0.000000000000000000e+00
1.216717473686608431e+00,4.486861683141798451e+00,1.000000000000000000e+00
1.658865095838184089e+00,4.075304981663743220e+00,1.000000000000000000e+00
3.553074429348298396e-02,3.502357052096028434e-01,0.000000000000000000e+00
2.124349920169754311e-02,1.207127167737655909e-01,0.000000000000000000e+00
8.333616573324162946e-01,4.852011560042665650e+00,1.000000000000000000e+00
1.027901397935929051e+00,4.253777412037599071e+00,1.000000000000000000e+00
1.921254107496083385e+00,2.016714407348331406e+01,2.000000000000000000e+00
2.059662461566613256e+00,1.210093023187199535e+01,2.000000000000000000e+00
1.038072095907191628e+00,3.232877741211421352e+00,1.000000000000000000e+00
9.703055506282708825e-03,1.944452301103381242e-01,0.000000000000000000e+00
3.568712051622269787e-01,7.001688949888914237e+01,3.000000000000000000e+00
1.076436910163259819e+00,4.252662301225088370e+00,1.000000000000000000e+00
1.102192940349647543e+00,4.657243821209259949e+00,1.000000000000000000e+00
4.660898671573836527e-01,5.947188486082146142e+01,3.000000000000000000e+00
9.536181585444198916e-01,7.793678631731063433e+01,3.000000000000000000e+00
2.887853406655810140e+00,1.596685389074368189e+01,2.000000000000000000e+00
1.508746691197693002e+00,4.497117968727545545e+00,1.000000000000000000e+00
2.676427070463224117e-02,3.687141635072564982e-01,0.000000000000000000e+00
1.527452055576738577e+00,4.655271994318646023e+00,1.000000000000000000e+00
8.065975224044868996e-04,2.588317206484576638e-01,0.000000000000000000e+00
2.104658799618326803e+00,1.795407045248101241e+01,2.000000000000000000e+00
6.344575532185499078e-01,5.583766285454920819e+01,3.000000000000000000e+00
2.071311731288327795e+00,1.840062271434684860e+01,2.000000000000000000e+00
1.056702765970464863e+00,5.039855593733283179e+00,1.000000000000000000e+00
3.470686333524088119e-02,3.058424486849588009e-01,0.000000000000000000e+00
1.071935679015773912e+00,5.335328701655257966e+00,1.000000000000000000e+00
1.877243027137944331e+00,2.675016023928651521e+01,3.000000000000000000e+00
6.271131280361197380e-02,2.035263551971728813e-01,0.000000000000000000e+00
5.885626394466437761e-01,4.713640212695406895e+00,1.000000000000000000e+00
2.383012794213624705e-02,2.975119733417751489e-01,0.000000000000000000e+00
1.479974558702852994e+00,1.508515788446804606e+01,2.000000000000000000e+00
3.314570966946461111e-02,2.857659623202019605e-01,0.000000000000000000e+00
3.038850407038220514e+00,1.374490280120090446e+01,2.000000000000000000e+00
7.793585965307894825e-02,2.115674634292858680e-01,0.000000000000000000e+00
9.177058718487308697e-01,5.737486065815390646e+01,3.000000000000000000e+00
2.406899548725749405e+00,1.804406458418759129e+01,2.000000000000000000e+00
1.888115519652097563e+00,1.356326529367761324e+01,2.000000000000000000e+00
3.591151758552877382e-01,6.426393256475378735e+01,3.000000000000000000e+00
1.521530266843954537e-01,4.615158040252288174e+01,3.000000000000000000e+00
5.319261509900286011e-01,7.022405199049961766e+01,3.000000000000000000e+00
7.530908480562194252e-02,1.124381746615242816e-01,0.000000000000000000e+00
7.292670856739125185e-01,2.990559251937995455e+01,3.000000000000000000e+00
3.509223767994259363e-02,3.179297184063826776e-01,0.000000000000000000e+00
8.975741067247786642e-01,5.211704636498749821e+00,1.000000000000000000e+00
2.319394579513256893e+00,1.709259094053561512e+01,2.000000000000000000e+00
1.368890771007171159e+00,5.342913437286271439e+00,1.000000000000000000e+00
1.427096584993605477e+00,4.001487578860188243e+00,1.000000000000000000e+00
4.723272050095268099e-02,2.324166352488442333e-01,0.000000000000000000e+00
1.933725593885047722e+00,4.009769047612491200e+00,1.000000000000000000e+00
1.277916750516444599e+00,4.440453256719963271e+00,1.000000000000000000e+00
5.857434070810065840e-01,6.883881299138818122e+01,3.000000000000000000e+00
4.044602312854903570e-01,5.141395550965479799e+01,3.000000000000000000e+00
5.251334695530012614e-02,8.167414873342249138e-02,0.000000000000000000e+00
1.909159543025678252e+00,1.630725720402783452e+01,2.000000000000000000e+00
1.042643920116067768e+00,3.341588879667004797e+00,1.000000000000000000e+00
2.150830186602625371e+00,1.469037490283495018e+01,2.000000000000000000e+00
1.042832267714789207e+00,5.890211998767427559e+01,3.000000000000000000e+00
1.298078212129248676e+00,6.339118498895400577e+00,1.000000000000000000e+00
7.046059712816050979e-02,3.032465260551147068e-01,0.000000000000000000e+00
1.504311019505438995e+00,4.521508671195624274e+00,1.000000000000000000e+00
2.052525160853986286e+00,1.625842965058583189e+01,2.000000000000000000e+00
1.150503627573086496e-02,2.010233061019587042e-01,0.000000000000000000e+00
1.205530179919617861e+00,4.138154944600739071e+00,1.000000000000000000e+00
9.064881667154903733e-01,4.840366049427971440e+00,1.000000000000000000e+00
2.358635363296579177e-02,3.277676821898509174e-01,0.000000000000000000e+00
2.306412563863190213e-02,2.966175606448454016e-02,0.000000000000000000e+00
1.297839906672635379e+00,3.279579863260209116e+00,1.000000000000000000e+00
4.393722471738246982e-02,1.377300480179406428e-01,0.000000000000000000e+00
1.180176060405804916e+00,4.804158280804770698e+00,1.000000000000000000e+00
9.287050124686773156e-01,4.996537678040542829e+00,1.000000000000000000e+00
1.232818438381467763e+00,4.728692312579924284e+00,1.000000000000000000e+00
1.498697364100153528e+00,2.186925826224823766e+01,2.000000000000000000e+00
6.991784156635884040e-01,5.066201548364380081e+00,1.000000000000000000e+00
1.251259631438382591e+00,4.143053253428176319e+00,1.000000000000000000e+00
2.549111656806795079e+00,2.168300697741987548e+01,2.000000000000000000e+00
1.207827315063250140e+00,3.954412601601760890e+00,1.000000000000000000e+00
3.946972249101566438e-02,3.532738913002577696e-01,0.000000000000000000e+00
1.526098578243836185e-02,2.868654709091225663e-02,0.000000000000000000e+00
1.417729987169607631e+00,4.767565431989620350e+00,1.000000000000000000e+00
8.629317133347016999e-02,1.724948302848356152e-01,0.000000000000000000e+00
3.869196641352353749e-01,4.495687188818833846e+01,3.000000000000000000e+00
1.130719640937396520e+00,5.465207173206685809e+00,1.000000000000000000e+00
2.963459563452705212e-02,1.322838288487888370e-01,0.000000000000000000e+00
4.137125949612054793e-02,1.400607354555978012e-01,0.000000000000000000e+00
1.170986066438882256e+00,5.563322024105945118e+00,1.000000000000000000e+00
1.972007940974958018e+00,4.652879254415922539e+00,1.000000000000000000e+00
2.526161439206710213e+00,2.075722944896330446e+01,2.000000000000000000e+00
2.124972206483736858e+00,2.404016174257986904e+01,2.000000000000000000e+00
5.736727815063791258e-02,4.699994838353080695e+01,3.000000000000000000e+00
1.648205341392114720e+00,1.716956010033323921e+01,2.000000000000000000e+00
4.515100781445528788e-02,2.322718560338089544e-01,0.000000000000000000e+00
9.485189189828976408e-01,6.538253882490214153e+01,3.000000000000000000e+00
7.015439813193120600e-01,3.431724513031919166e+00,1.000000000000000000e+00
4.010226913284922062e-02,1.281555778747563989e-01,0.000000000000000000e+00
1.053862384870591029e+00,6.605905651869912631e+00,1.000000000000000000e+00
2.658163837351240844e+00,1.389936390475373784e+01,2.000000000000000000e+00
2.670385593994108131e+00,1.884773985146489750e+01,2.000000000000000000e+00
2.186685566965150262e-01,4.658759581846710063e+01,3.000000000000000000e+00
4.428187488260407895e-02,-6.744210003987671787e-03,0.000000000000000000e+00
3.677428576667982063e-02,1.980983792097311402e-01,0.000000000000000000e+00
5.476933159990821087e-02,1.791877749642724893e-01,0.000000000000000000e+00
1.560364176649183365e+00,5.325475631574907887e+00,1.000000000000000000e+00
1.426617367747726739e+00,3.937458859899289898e+00,1.000000000000000000e+00
2.187222964504277556e+00,1.808454347210738433e+01,2.000000000000000000e+00
1.815013384470679281e+00,2.162509869177942790e+01,2.000000000000000000e+00
3.381575248297570557e-02,1.408428611164170285e-01,0.000000000000000000e+00
8.926484224970572534e-02,2.401711722098941459e-01,0.000000000000000000e+00
1.134269841357340658e+00,4.209729151648272882e+00,1.000000000000000000e+00
4.714225143023492715e-02,1.102745628514168463e-01,0.000000000000000000e+00
4.194155098696080580e-02,1.177779604433568661e-01,0.000000000000000000e+00
4.603094684667224934e-02,1.598779528114163684e-01,0.000000000000000000e+00
2.506386952531284962e+00,1.636126665524255230e+01,2.000000000000000000e+00
3.132710717588779725e-01,6.150867277803185829e+01,3.000000000000000000e+00
6.663839253287163755e-01,4.058221564575222651e+00,1.000000000000000000e+00
8.680422273774988096e-01,5.522761490085839498e+00,1.000000000000000000e+00
1.270684367432569850e+00,5.763657716584569712e+00,1.000000000000000000e+00
4.199302730175282633e-02,4.189802933217672276e-01,0.000000000000000000e+00
1.016544659102415427e+00,4.043056808173762562e+00,1.000000000000000000e+00
2.641829968743336199e+00,1.770333104042657268e+01,2.000000000000000000e+00
2.566320038607790011e+00,2.084866240632397094e+01,2.000000000000000000e+00
1.246150275787776707e+00,1.014816533949994692e+02,3.000000000000000000e+00
1.026968600829500033e+00,5.419418661028540640e+00,1.000000000000000000e+00
4.273518749127805938e-01,9.916694908441186840e+01,3.000000000000000000e+00
2.692478583840559603e-01,2.972571214774345805e+01,3.000000000000000000e+00
5.518475344185607145e-01,6.571108149715314539e+01,3.000000000000000000e+00
1.066712021977166414e+00,3.989808012598947240e+00,1.000000000000000000e+00
4.586144946597362632e-02,1.549934528520756361e-01,0.000000000000000000e+00
2.497377170832643323e+00,2.258540527923759456e+01,2.000000000000000000e+00
8.690294804810925200e-01,1.728651572042608819e+01,3.000000000000000000e+00
4.961813289664330773e-01,1.192227306714393364e+00,3.000000000000000000e+00
2.492527671285020910e-02,2.067518481410109132e-01,0.000000000000000000e+00
6.353627545167389590e-01,9.224556515977290871e+01,3.000000000000000000e+00
1.004807229263451784e+00,3.740480888934445414e+00,1.000000000000000000e+00
3.795257134685866007e-01,7.355750639061815832e+01,3.000000000000000000e+00
2.298799802346199961e+00,1.822801617423723286e+01,2.000000000000000000e+00
1.411803921507875481e+00,1.712917636743404515e+01,2.000000000000000000e+00
7.614920361346437794e-01,3.540900811095166034e+01,3.000000000000000000e+00
2.484491539592637910e+00,1.342303105628971593e+01,2.000000000000000000e+00
6.453081642151057284e-01,3.788590663028128347e+01,3.000000000000000000e+00
1.353834522373843718e+00,4.776461818189429209e+01,3.000000000000000000e+00
2.996485912830926940e-02,1.852942618497861460e-01,0.000000000000000000e+00
7.639274627714049970e-01,4.808677411913015476e+01,3.000000000000000000e+00
4.946475249147089942e-02,3.628615545571292067e-01,0.000000000000000000e+00
1.343627902203138949e-02,2.280991867735032708e-01,0.000000000000000000e+00
8.668272463602513245e-01,4.052862522182729244e+00,1.000000000000000000e+00
1.355297706140736747e+00,3.698703992084067416e+00,1.000000000000000000e+00
9.233504027467123176e-01,4.055618304671796182e+00,1.000000000000000000e+00
1.304274511608501275e+00,2.560896538696834313e+00,1.000000000000000000e+00
5.534869458305817502e-02,1.292330534381219143e-01,0.000000000000000000e+00
1.705704446424541443e+00,1.733623912924268495e+01,2.000000000000000000e+00
5.688651211948791975e-01,2.502936053523638549e+01,3.000000000000000000e+00
2.167930826703504010e+00,1.618315338078940613e+01,2.000000000000000000e+00
3.050109377678087569e-02,9.627538456735436345e-02,0.000000000000000000e+00
8.052423192704331045e-01,7.187113444561722986e+01,3.000000000000000000e+00
1.599407185888447602e-02,3.523124077269657595e-01,0.000000000000000000e+00
1.001212872316245894e+00,5.005926191244416401e+00,1.000000000000000000e+00
8.318532692854302413e-01,7.393908809021471029e+01,3.000000000000000000e+00
5.173714187600540748e-02,4.153182457511556680e-01,0.000000000000000000e+00
2.659158303001156742e+00,2.058142046507923695e+01,2.000000000000000000e+00
5.527725892035684208e-01,1.046260029238526386e+02,3.000000000000000000e+00
2.051218248320004101e+00,1.937991642881734933e+01,2.000000000000000000e+00
6.096877826691031732e-01,7.092568496007399403e+01,3.000000000000000000e+00
1.286932457068923785e+00,4.350502684670912501e+00,1.000000000000000000e+00
2.183951848957578143e-02,1.559955513303016295e-01,0.000000000000000000e+00
7.207167599277863879e-01,4.407948286393022386e+01,3.000000000000000000e+00
2.699005054929826120e+00,1.448966092182192256e+01,2.000000000000000000e+00
9.678632402689280045e-01,3.834115541516617043e+00,1.000000000000000000e+00
5.627034434739339175e-02,2.950423838186050363e-01,0.000000000000000000e+00
1.075413625829759523e+00,3.765078442812641590e+00,1.000000000000000000e+00
2.794735244462320356e+00,2.190522386819639422e+01,2.000000000000000000e+00
1.692621634653566742e+00,1.855365390959111238e+01,2.000000000000000000e+00
2.014692833956947204e+00,1.942409469863985905e+01,2.000000000000000000e+00
8.346775205901099115e-01,6.616101079008204522e+01,3.000000000000000000e+00
2.625110871056746564e+00,1.979978618998861251e+01,2.000000000000000000e+00
1.363008057713980481e+00,4.050026579284585537e+00,1.000000000000000000e+00
2.025371147840785646e+00,2.165628555509194797e+01,2.000000000000000000e+00
2.289947075576739266e+00,1.892222009342730260e+01,2.000000000000000000e+00
-5.685401933978430078e-01,2.236301909004721722e+01,3.000000000000000000e+00
4.739196892745323186e-03,2.629628841923612459e-01,0.000000000000000000e+00
1.389834559831885308e+00,3.696687386598345615e+00,1.000000000000000000e+00
2.475026049512276227e+00,1.947292485491475489e+01,2.000000000000000000e+00
2.050636659545356996e-02,2.711614878088889902e-01,0.000000000000000000e+00
2.725327198003806295e+00,1.534559185791929714e+01,2.000000000000000000e+00
1.729868342982908147e-01,5.971095458243441811e+01,3.000000000000000000e+00
1.012554426691296250e+00,4.302258093983522436e+00,1.000000000000000000e+00
4.294569615177826760e-01,3.818067139569603796e+01,3.000000000000000000e+00
2.412082973200958325e+00,2.170827952563131191e+01,2.000000000000000000e+00
2.595893812245295140e-02,2.244966571108722997e-01,0.000000000000000000e+00
1.958057082972839424e+00,1.528827707560563098e+01,2.000000000000000000e+00
2.006458243246833639e-01,5.361892128666763568e+01,3.000000000000000000e+00
5.372520380749026825e-02,4.848089378014477924e-02,0.000000000000000000e+00
1.153296829382376210e+00,4.087164217426100699e+00,1.000000000000000000e+00
2.101825075457511183e+00,1.851124866712646266e+01,2.000000000000000000e+00
4.874689771527146442e-01,4.217615549169425293e+01,3.000000000000000000e+00
5.903217574436334658e-01,6.993398446473042895e+01,3.000000000000000000e+00
1.200899657733946357e+00,2.080295973371782026e+01,2.000000000000000000e+00
1.558503887905715368e+00,1.945950493147860527e+01,2.000000000000000000e+00
2.179509682602587817e-01,4.380792960156708205e+01,3.000000000000000000e+00
7.938931269177899042e-01,7.929703266194914590e+01,3.000000000000000000e+00
9.886968928371722143e-01,3.498768460647644574e+00,1.000000000000000000e+00
2.162243053106080448e-01,6.389214910474485265e+01,3.000000000000000000e+00
7.117372686350511568e-01,3.918290259340105219e+00,1.000000000000000000e+00
2.181225090410522302e-02,2.497998291245449864e-01,0.000000000000000000e+00
1.785270323414583360e-01,7.450191573695994407e+01,3.000000000000000000e+00
5.501643349739342159e-03,1.747431848606839644e-01,0.000000000000000000e+00
5.779829302775550959e-01,3.678787760471151635e+00,1.000000000000000000e+00
5.637866870783356799e-01,6.179161362510497923e+01,3.000000000000000000e+00
2.693341534852576255e-02,1.809661321916392063e-01,0.000000000000000000e+00
7.402520397094236593e-01,2.453935063586236964e+01,3.000000000000000000e+00
1.396309696906217201e+00,4.662338416681039988e+00,1.000000000000000000e+00
2.159641709945709032e+00,1.354530609465028945e+01,2.000000000000000000e+00
3.531693250553328417e-02,4.806300340459865317e-02,0.000000000000000000e+00
3.770527117066201778e-02,3.479944138890025962e-01,0.000000000000000000e+00
1.849004156096622609e+00,2.026002486331359620e+01,2.000000000000000000e+00
1.617393005594702782e-02,2.120295631711898998e-01,0.000000000000000000e+00
2.471800077297216180e+00,2.125768669749473361e+01,2.000000000000000000e+00
1.966149399344054416e+00,1.617146339352214923e+01,2.000000000000000000e+00
5.889940379797454773e-01,2.249655060708511201e+01,3.000000000000000000e+00
5.517938440986534798e-02,1.779030400466777018e-01,0.000000000000000000e+00
1.064751321043276189e+00,7.416607694402127038e+01,3.000000000000000000e+00
4.710718123154640224e-01,4.161230816827153234e+01,3.000000000000000000e+00
-1.073757462251406780e-01,5.833788854742610397e+01,3.000000000000000000e+00
6.477377306005064339e-01,4.666706246358041987e+00,1.000000000000000000e+00
8.055631398635659801e-01,8.252100501544336453e+01,3.000000000000000000e+00
6.007065795784048701e-02,1.689733243406544017e-01,0.000000000000000000e+00
1.648813293446754979e+00,5.006345454204408796e+00,1.000000000000000000e+00
2.647462188472220923e+00,1.544843863737209944e+01,2.000000000000000000e+00
1.263305240160785381e+00,5.014178207894035566e+00,1.000000000000000000e+00
1.350275156287314093e+00,4.472009207602430259e+00,1.000000000000000000e+00
1.449100744963273568e+00,5.287457918781266919e+00,1.000000000000000000e+00
1.225976936241869986e+00,5.250627044780798336e+00,1.000000000000000000e+00
2.647596610013866147e+00,2.301771716051310790e+01,2.000000000000000000e+00
7.490571140645680970e-01,5.435436472356538040e+00,1.000000000000000000e+00
2.911234550949634570e-02,1.018491348952049180e-01,0.000000000000000000e+00
4.221845179419732308e-02,2.462103474263270808e-01,0.000000000000000000e+00
1.359952773958086336e+00,1.227549706731998782e+02,3.000000000000000000e+00
1.183324598726863464e+00,3.287404708002214626e+00,1.000000000000000000e+00
4.116417436891999654e-02,1.486133082663306515e-01,0.000000000000000000e+00
8.161269099792894943e-01,2.866612105260567311e+00,1.000000000000000000e+00
5.026534866226712445e-02,1.436275447196025401e-01,0.000000000000000000e+00
2.176539710560408292e+00,1.816994977469132166e+01,2.000000000000000000e+00
2.506758986365208663e+00,1.857614734947009438e+01,2.000000000000000000e+00
3.289020117900593454e-01,5.941474372630043632e+01,3.000000000000000000e+00
1.214425483998414546e+00,4.301985091558796270e+00,1.000000000000000000e+00
4.531888643666710514e-01,6.217119411553046149e+01,3.000000000000000000e+00
7.850335308775449605e-03,6.797667929793579922e-02,0.000000000000000000e+00
1.863254687878066029e+00,2.300971351305421919e+01,2.000000000000000000e+00
1.346812368368375257e+00,2.740955234703934096e+00,1.000000000000000000e+00
1.673292218413171994e+00,1.917541201620764113e+01,2.000000000000000000e+00
2.113464087858065277e+00,1.690403534606367231e+01,2.000000000000000000e+00
7.353935373846764989e-01,5.785395711991542100e+01,3.000000000000000000e+00
1.122122594590918565e+00,5.353339751671323477e+00,1.000000000000000000e+00
2.488069652973755597e-01,4.583186466179074614e+01,3.000000000000000000e+00
7.518723109031555385e-01,1.259405868725994182e+01,2.000000000000000000e+00
2.298955391731324127e+00,1.375885650928506010e+01,2.000000000000000000e+00
3.416143283501858474e-01,3.612726336487040157e+01,3.000000000000000000e+00
2.803231973398985222e-01,7.838308347220002759e+01,3.000000000000000000e+00
1.196297874415438306e-02,2.959270826085206862e-01,0.000000000000000000e+00
4.183521553071004734e-02,2.624119817052155135e-01,0.000000000000000000e+00
1.126846026935946155e+00,9.465029998970183556e+01,3.000000000000000000e+00
8.186934272805517221e-01,5.055818844605745710e+01,3.000000000000000000e+00
6.177901193934732388e-02,1.750963960443621681e-01,0.000000000000000000e+00
3.157015676933393244e+00,1.855007975933746778e+01,2.000000000000000000e+00
9.362480106018211679e-01,5.663712362830420943e+01,3.000000000000000000e+00
1.699642333338772904e+00,4.323228660936268675e+00,1.000000000000000000e+00
4.346361851702364165e-02,6.955304994951469477e-02,0.000000000000000000e+00
2.382480501233112946e+00,1.752441128091908951e+01,2.000000000000000000e+00
2.262788226735771513e+00,1.840960599324821345e+01,2.000000000000000000e+00
6.280208652452725637e-01,8.377826742949285688e+01,3.000000000000000000e+00
5.302782502611595727e-02,2.213979910734222289e-01,0.000000000000000000e+00
1.728788313683227162e-01,7.032356574229916646e+01,3.000000000000000000e+00
1.208526420768980536e+00,5.427991556239778248e+01,3.000000000000000000e+00
1.876531611147213230e+00,1.912216970954271744e+01,2.000000000000000000e+00
3.056136268421133159e-02,3.644967713501283679e-01,0.000000000000000000e+00
1.301548922248324303e+00,3.424439591172578012e+00,1.000000000000000000e+00
2.310359262005989289e-01,6.478493728222298387e+01,3.000000000000000000e+00
8.158711942511149839e-01,4.774180277102162862e+00,1.000000000000000000e+00
1.053718132778251881e+00,4.677707017306969917e+00,1.000000000000000000e+00
2.519365111014592706e+00,1.388429657120593141e+01,2.000000000000000000e+00
1.844510444141387803e-02,2.311250154543536273e-01,0.000000000000000000e+00
1.651862456552399383e+00,1.395862113141091143e+01,2.000000000000000000e+00
9.993243592591841695e-01,8.201919269997142692e+01,3.000000000000000000e+00
1.764607348942510034e+00,3.396544617588378223e+00,1.000000000000000000e+00
1.924847423077290065e+00,1.960952953071121030e+01,2.000000000000000000e+00
3.272574563886694321e+00,1.933380800466042260e+01,2.000000000000000000e+00
5.914530822606255400e-01,5.033877896633121196e+01,3.000000000000000000e+00
4.818394359443882169e-01,6.895433851620555288e+01,3.000000000000000000e+00
1.586196092431503946e+00,2.268453359018055693e+01,2.000000000000000000e+00
2.039826345902840288e+00,1.579341017223070054e+01,2.000000000000000000e+00
6.061999044991901731e-02,1.979098406035851854e-01,0.000000000000000000e+00
3.973005550524132123e-02,3.586016816145352060e-01,0.000000000000000000e+00
2.711285216004820420e+00,1.606944530885957079e+01,2.000000000000000000e+00
2.899677718293001139e+00,1.899264069664337029e+01,2.000000000000000000e+00
3.019558402722033907e+00,2.079777249561927022e+01,2.000000000000000000e+00
1.099264590212961412e+00,5.156385744957891148e+00,1.000000000000000000e+00
4.947184861270363665e-02,1.474244978319239063e-01,0.000000000000000000e+00
6.490681263979182214e-01,8.784930600128657829e+01,3.000000000000000000e+00
1.059378283678702015e+00,5.178371424090830288e+01,3.000000000000000000e+00
3.489854668827159223e+00,1.680109144315619218e+01,2.000000000000000000e+00
6.083174830701630897e-01,7.938914401053473568e+01,3.000000000000000000e+00
2.311957067032330837e+00,2.171484921430090509e+01,2.000000000000000000e+00
2.896001143172299841e+00,2.044721163761789029e+01,2.000000000000000000e+00
1.899316178024393231e+00,1.854306467611112197e+01,2.000000000000000000e+00
3.061633692807803064e-01,5.802823735431476848e+01,3.000000000000000000e+00
4.069025911271869633e-01,8.001164636085957227e+01,3.000000000000000000e+00
2.130205185922413147e+00,2.027746548090794221e+01,2.000000000000000000e+00
2.395445461556762121e-02,1.840061470036573055e-01,0.000000000000000000e+00
1.188709589272545442e+00,4.428211444570218980e+00,1.000000000000000000e+00
1.708756303230845486e+00,1.725392662144935940e+01,2.000000000000000000e+00
2.571297163947264264e-02,2.622849932347499080e-01,0.000000000000000000e+00
6.285645629030041370e-02,2.097676098548831858e-01,0.000000000000000000e+00
5.359195497869351926e-02,3.119574911434577213e-01,0.000000000000000000e+00
6.758326466394973808e-01,5.673866072112472381e+01,3.000000000000000000e+00
1.162263923970105584e+00,4.679030361311118824e+00,1.000000000000000000e+00
3.014198311564268984e+00,2.178775231028154735e+01,2.000000000000000000e+00
1.259425428230356525e+00,5.016387344912859980e+00,1.000000000000000000e+00
2.220971140748953521e-02,4.060747924881987214e-01,0.000000000000000000e+00
3.041963845728934412e+00,1.916573581359289236e+01,2.000000000000000000e+00
7.746239216630671498e-01,4.902550184518077003e+01,3.000000000000000000e+00
2.285684887167434981e-02,-3.923217776010068381e-03,0.000000000000000000e+00
1.974337759331152437e-02,3.632411303931635249e-01,0.000000000000000000e+00
2.447840943986302698e+00,1.508079317735533387e+01,2.000000000000000000e+00
7.327921322276058635e-01,5.605323159385347509e+01,3.000000000000000000e+00
1.446951175188574190e+00,4.967142548260770951e+00,1.000000000000000000e+00
1.823017705566662094e+00,1.486557241793689954e+01,2.000000000000000000e+00
3.355876967588648785e-02,3.876170839215886676e-01,0.000000000000000000e+00
1.183711540044656285e+00,4.617370949146658354e+00,1.000000000000000000e+00
1.341637026533675225e+00,7.102970752080935313e+01,3.000000000000000000e+00
3.158709354469282221e-02,3.475356216949552213e-01,0.000000000000000000e+00
1.353521592902307447e+00,2.416862138982096653e+01,2.000000000000000000e+00
5.409589654805324610e-01,7.520111927379204531e+01,3.000000000000000000e+00
2.786364509629682296e+00,1.797264301006739018e+01,2.000000000000000000e+00
2.415020823595535049e+00,1.698874208664588181e+01,2.000000000000000000e+00
3.980900315087130270e-01,4.758304803497767921e+01,3.000000000000000000e+00
3.397792608821422616e-02,2.849602097021024516e-01,0.000000000000000000e+00
7.956748520590654072e-01,8.523843001427982813e+01,3.000000000000000000e+00
1.776519325840836272e+00,1.602931716308581400e+01,2.000000000000000000e+00
5.223352577681735637e-02,2.610370265433464843e-01,0.000000000000000000e+00
1.662643924760935990e-02,2.012592400781794966e-01,0.000000000000000000e+00
4.687236579136922626e-02,2.812862118838960201e-01,0.000000000000000000e+00
4.964380105183690550e-01,6.195966306941790691e+01,3.000000000000000000e+00
3.063771585050355739e+00,2.163929309993755012e+01,2.000000000000000000e+00
3.883789290614820811e-01,4.025640945697632134e+01,3.000000000000000000e+00
1.961077181160249538e-01,3.944649718148083650e+01,3.000000000000000000e+00
1.772824992141039058e+00,3.418652315506933270e+00,1.000000000000000000e+00
7.715266001322291789e-01,4.775125250719123926e+01,3.000000000000000000e+00
1.763038743767419758e+00,4.043402965000418625e+00,1.000000000000000000e+00
5.625051644788396643e-02,3.305478807154329512e-01,0.000000000000000000e+00
1.087553757735120641e+00,5.066685157839482478e+00,1.000000000000000000e+00
1.494807295183654183e+00,5.201889832460537377e+00,1.000000000000000000e+00
-4.605272636220381077e-02,3.819201845114307758e+01,3.000000000000000000e+00
5.043883131233795059e-02,1.885460154747382322e-01,0.000000000000000000e+00
5.366594072976343943e-01,5.662707581694160552e+00,1.000000000000000000e+00
4.751396036691343805e-02,1.399783122841205540e-01,0.000000000000000000e+00
5.295377076201385202e-02,4.122156197012633583e-01,0.000000000000000000e+00
1.371179600577947744e+00,5.278043559701384169e+00,1.000000000000000000e+00
1.128315585940077082e+00,6.548067630615035384e+00,1.000000000000000000e+00
4.432967403824712438e-01,3.854513948520386890e+01,3.000000000000000000e+00
2.126498999185755689e+00,1.925859733172108434e+01,2.000000000000000000e+00
9.232231193124580404e-01,7.895052924245715076e+01,3.000000000000000000e+00
2.316892955895374140e+00,2.107218757743438786e+01,2.000000000000000000e+00
3.845796581171791878e-02,1.751035851520926501e-01,0.000000000000000000e+00
2.752762966478992102e+00,1.748116182022972964e+01,2.000000000000000000e+00
-3.696961041091767486e-01,9.224441256510849030e+01,3.000000000000000000e+00
5.754211776348833185e-01,4.955813824185763217e+00,1.000000000000000000e+00
4.825561853872996354e-02,1.251513463443446605e-01,0.000000000000000000e+00
7.564241262660474918e-01,4.163850546323313750e+00,1.000000000000000000e+00
2.997252531612486059e+00,2.160124172383327590e+01,2.000000000000000000e+00
5.922321576449068870e-01,4.746565550820069745e+01,3.000000000000000000e+00
4.141530810806427487e-01,6.507479322989146908e+01,3.000000000000000000e+00
3.530825733249706028e-02,1.786552848288152917e-01,0.000000000000000000e+00
3.909340071175284592e-01,4.366305535746516142e+00,1.000000000000000000e+00
2.010436129506256719e+00,1.634442556232265886e+01,2.000000000000000000e+00
1.170546298130944185e-01,8.021221074111516136e-02,0.000000000000000000e+00
-3.451729742167354287e-01,6.319712783994800986e+01,3.000000000000000000e+00
7.330112479428287919e-01,4.434279057285944958e+00,1.000000000000000000e+00
5.267838044636022343e-02,5.777462904023258905e-02,0.000000000000000000e+00
4.128560038190925291e-02,2.576556963055766647e-01,0.000000000000000000e+00
8.523246738219110163e-01,5.648228375135326473e+01,3.000000000000000000e+00
3.326217902672154558e+00,2.250400095586645932e+01,2.000000000000000000e+00
9.822768560539603122e-01,4.275119765691235862e+00,1.000000000000000000e+00
1.550334618497942074e+00,4.576896621552786648e+00,1.000000000000000000e+00
6.953475930939140293e-01,8.140300476632855009e+01,3.000000000000000000e+00
2.447015093141369668e+00,1.747512072991377252e+01,2.000000000000000000e+00
2.723549151306077221e+00,1.154132822114255141e+01,2.000000000000000000e+00
1.276326252990363841e+00,4.130179769035965620e+00,1.000000000000000000e+00
2.662316841456384697e+00,2.050058688482677383e+01,2.000000000000000000e+00
9.615739364344780826e-01,6.185689802282229266e+01,3.000000000000000000e+00
4.915505595829724461e-01,7.790076628152230853e+01,3.000000000000000000e+00
1.358941253374584823e+00,4.717263069756298499e+00,1.000000000000000000e+00
1.123304943198142780e+00,1.960995825758185873e+01,2.000000000000000000e+00
2.516888440466049204e+00,1.759794849998124633e+01,2.000000000000000000e+00
6.160812790130054672e-02,5.313615449005179414e+01,3.000000000000000000e+00
1.840796367215401519e+00,1.737293022814192511e+01,2.000000000000000000e+00
1.680047036437234631e+00,1.022687312356526945e+01,2.000000000000000000e+00
1.264503685819148071e+00,5.679734408866719519e+01,3.000000000000000000e+00
1.416501619212970464e+00,4.055840378645441113e+00,1.000000000000000000e+00
2.992835799619262271e-01,8.253410273655165952e+01,3.000000000000000000e+00
4.135853992527031009e-01,6.164879505869006238e+01,3.000000000000000000e+00
2.187822703869508612e+00,1.472306170598226416e+01,2.000000000000000000e+00
2.986993381645016488e+00,1.400630113932666632e+01,2.000000000000000000e+00
1.169258515899171402e-02,2.310907565598004643e-01,0.000000000000000000e+00
8.837807268556157059e-01,5.610183439294637964e+01,3.000000000000000000e+00
8.287888178650651416e-02,1.243649254715696734e-01,0.000000000000000000e+00
2.107356170561145881e+00,1.564530506075328020e+01,2.000000000000000000e+00
7.297437126886412440e-01,5.788103291391728789e+01,3.000000000000000000e+00
4.553381598660038304e-02,2.645375949585147546e-01,0.000000000000000000e+00
5.469465014469705455e-01,8.112113618132103454e+01,3.000000000000000000e+00
2.681939558397455237e+00,1.533752346659369969e+01,2.000000000000000000e+00
1.065895741782868500e+00,8.821864759492540031e+01,3.000000000000000000e+00
3.526362786519982029e-02,2.757507710047305549e-01,0.000000000000000000e+00
1.973829738881435203e-01,3.612149987201888734e+01,3.000000000000000000e+00
2.476244977208573950e+00,1.975909205626528120e+01,2.000000000000000000e+00
1.754686828483603467e+00,4.794938647098320850e+00,1.000000000000000000e+00
1.573825557749288784e+00,5.358905399887818000e+00,1.000000000000000000e+00
2.252687753072980303e+00,1.998864380600223711e+01,2.000000000000000000e+00
2.780413393689260104e+00,1.708432588693599641e+01,2.000000000000000000e+00
1.628497543634758404e+00,1.315931580636977571e+01,2.000000000000000000e+00
4.307450211891056258e-02,1.060120213672644807e-01,0.000000000000000000e+00
4.026003783755813942e-02,1.035076539419895608e-01,0.000000000000000000e+00
-4.652424337463523241e-02,7.026170840194586731e+01,3.000000000000000000e+00
4.454919869208259081e-02,1.101585328651642076e-01,0.000000000000000000e+00
-2.501834275461711776e-02,5.577739522344611345e+01,3.000000000000000000e+00
6.777537206309344198e-01,8.346249275173282456e+01,3.000000000000000000e+00
2.308716436589861587e+00,1.973787449880326506e+01,2.000000000000000000e+00
1.514702767751066714e+00,4.781644317211437567e+00,1.000000000000000000e+00
1.725681133027086700e+00,4.801769500051616291e+00,1.000000000000000000e+00
2.168703436050238853e+00,1.548237099798298111e+01,2.000000000000000000e+00
2.433493415327525958e-02,2.341755975777159438e-01,0.000000000000000000e+00
2.690882743495797147e+00,1.703196048347359337e+01,2.000000000000000000e+00
2.300549523357483750e+00,1.667015324642546759e+01,2.000000000000000000e+00
1.421709050670124652e+00,1.518199381854373797e+01,2.000000000000000000e+00
3.006855634529323584e+00,2.447192463979651222e+01,2.000000000000000000e+00
1.704303825271846540e+00,1.485926705195418052e+01,2.000000000000000000e+00
2.481954560026180090e+00,1.880577683658977151e+01,2.000000000000000000e+00
7.731549022289513351e-02,9.323795706174056730e-02,0.000000000000000000e+00
1.059454939771486082e+00,6.466432262527003161e+01,3.000000000000000000e+00
1.448821674355046607e+00,4.143597982879382968e+00,1.000000000000000000e+00
8.114763683809151917e-01,5.386962864466326550e+00,1.000000000000000000e+00
1.127039014243183868e+00,3.746465062180389793e+01,3.000000000000000000e+00
8.063756870816397582e-01,4.561693361515159495e+01,3.000000000000000000e+00
4.657502219319369086e-02,1.678614158347006557e-01,0.000000000000000000e+00
1.343693947723917592e+00,3.601822382750161200e+00,1.000000000000000000e+00
5.030095372612095744e-02,1.446350694652818181e-01,0.000000000000000000e+00
1.632470586197370066e+00,3.478601139343752369e+00,1.000000000000000000e+00
6.804638623491356952e-01,6.935386343530866782e+01,3.000000000000000000e+00
1.072970103735762862e-02,2.232049937357636349e-01,0.000000000000000000e+00
-3.788122690671824611e-02,3.084897001070138955e+01,3.000000000000000000e+00
4.464507394322007189e-02,2.046980593764742284e-01,0.000000000000000000e+00
4.832754924337823166e-01,5.731382517058904114e+01,3.000000000000000000e+00
2.414958523134598870e-02,1.992027358683382821e-01,0.000000000000000000e+00
1.091710150254276090e+00,3.475756481063284387e+00,1.000000000000000000e+00
2.164199370292968272e+00,1.848172194314959427e+01,2.000000000000000000e+00
2.585849355324172372e+00,1.792491912376456753e+01,2.000000000000000000e+00
2.823871036336867313e+00,1.976573521326182714e+01,2.000000000000000000e+00
9.676915738300814196e-01,5.383931431628517572e+01,3.000000000000000000e+00
9.900790519129718525e-01,5.946957481501879528e+01,3.000000000000000000e+00
2.498700034924929092e+00,1.809601244719729962e+01,2.000000000000000000e+00
1.606691357641485185e+00,5.451213224886041431e+00,1.000000000000000000e+00
1.191012032422104738e+00,8.629828907168095498e+01,3.000000000000000000e+00
3.087988235083461985e-01,6.854388723743369383e+01,3.000000000000000000e+00
9.389686708601686638e-01,7.290431171900114293e+01,3.000000000000000000e+00
2.360678607725136935e+00,2.003377761401780788e+01,2.000000000000000000e+00
3.068540492859486365e-02,1.940474643938200072e-01,0.000000000000000000e+00
1.530990564604956417e+00,5.652093772359577883e+00,1.000000000000000000e+00
1.035499447881674362e+00,3.359954977558588496e+01,3.000000000000000000e+00
1.292340530667617671e+00,4.602483531928631244e+00,1.000000000000000000e+00
4.662526862807127997e-02,2.547097381170038144e-01,0.000000000000000000e+00
1.244661264085817828e-02,1.469742381627559269e-01,0.000000000000000000e+00
9.507149650766886229e-01,5.060247903527193003e+00,1.000000000000000000e+00
2.261148751516142141e+00,1.872225953846570334e+01,2.000000000000000000e+00
3.416612500413446218e-02,1.614686403138239912e-01,0.000000000000000000e+00
3.548447399026928573e-02,5.641378488205606168e-02,0.000000000000000000e+00
8.476617044020791081e-01,8.531415681729401967e+01,3.000000000000000000e+00
1.192762473866999073e+00,5.097002852821776564e+00,1.000000000000000000e+00
4.100385373509901621e-01,5.216702865156418056e+01,3.000000000000000000e+00
1.112406544694045207e+00,5.581556252510944205e+01,3.000000000000000000e+00
1.035942317627882359e+00,4.675320262131151594e+00,1.000000000000000000e+00
6.907068154314634223e-02,2.686051459998439750e-01,0.000000000000000000e+00
1.734395106844040246e-03,9.756123586657101943e-02,0.000000000000000000e+00
2.614573380036505634e-01,9.231165647096463545e+01,3.000000000000000000e+00
5.313107217267659665e-02,2.514438834058749239e-01,0.000000000000000000e+00
2.037584308245688813e+00,1.724750095063485844e+01,2.000000000000000000e+00
1.330143110610950252e+00,1.967343091905558694e+01,2.000000000000000000e+00
1.640165052686928249e+00,1.406449130294952177e+01,2.000000000000000000e+00
1.381802985403691952e+00,5.393836665270502095e+00,1.000000000000000000e+00
6.892249187286478840e-01,4.461830915086416383e+00,1.000000000000000000e+00
5.085120087171929315e-02,2.774634053429336777e-01,0.000000000000000000e+00
7.129287311628013102e-02,4.092387275685460679e-01,0.000000000000000000e+00
1.107136068205802903e+00,3.643932186939077944e+00,1.000000000000000000e+00
2.180745765249646695e+00,2.051547232335492765e+01,2.000000000000000000e+00
4.135056409375847952e-02,3.163163752154959929e-01,0.000000000000000000e+00
1.858215003877775398e-02,1.730593165555442403e-01,0.000000000000000000e+00
1.062191730137926671e+00,5.740400394251262028e+00,1.000000000000000000e+00
2.796586775541206465e-02,2.113517345251248181e-01,0.000000000000000000e+00
2.135089650133286998e+00,1.994484130153157864e+01,2.000000000000000000e+00
1.391577737633212131e+00,4.642160800746602867e+00,1.000000000000000000e+00
1.461337411029507649e+00,5.657582307482986295e+00,1.000000000000000000e+00
8.054400426278865988e-01,5.381581845900272754e+01,3.000000000000000000e+00
2.646155999388082741e-02,2.747293605123262150e-01,0.000000000000000000e+00
1.119333392833550711e+00,4.522995858347854004e+00,1.000000000000000000e+00
2.399611561302639640e+00,2.012432603006577025e+01,2.000000000000000000e+00
6.563544987644815976e-01,3.187365072656332288e+01,3.000000000000000000e+00
1.127902380552559425e+00,3.683013746295429325e+00,1.000000000000000000e+00
2.626707779390153874e+00,1.952350726886887244e+01,2.000000000000000000e+00
4.091143679807627415e-02,3.935536797424274424e-02,0.000000000000000000e+00
-2.487419596034379232e-01,7.276102202881514813e+01,3.000000000000000000e+00
1.205525513756865452e+00,4.086169239919701823e+00,1.000000000000000000e+00
9.654338504932997722e-01,6.534253302022966636e+01,3.000000000000000000e+00
2.018779529298434294e+00,1.803105785953014006e+01,2.000000000000000000e+00
2.539266736565726906e-02,1.872082408519233632e-01,0.000000000000000000e+00
2.155858975824372692e+00,2.318089155370021359e+01,2.000000000000000000e+00
2.364381205151740328e+00,2.347802914064080682e+01,2.000000000000000000e+00
1.698012845155394412e-02,2.199059695573470086e-01,0.000000000000000000e+00
1.552659262139547192e+00,1.480465901077388224e+01,2.000000000000000000e+00
7.809487184998935572e-01,5.780780392148338365e+01,3.000000000000000000e+00
2.410960377117642661e+00,1.653626577556289234e+01,2.000000000000000000e+00
3.369461510719308495e-02,1.887671950309170177e-01,0.000000000000000000e+00
4.587334828757246297e-01,6.739284384396188443e+01,3.000000000000000000e+00
1.043183093844288090e+00,4.307011153714936036e+00,1.000000000000000000e+00
4.585066499618132285e-01,3.635154767673390186e+00,1.000000000000000000e+00
9.801230367894302464e-01,4.717036809554095100e+01,3.000000000000000000e+00
2.517585900840984880e+00,1.925705702809813502e+01,2.000000000000000000e+00
1.086863408330198677e+00,9.394249545073407148e+00,3.000000000000000000e+00
1.624575694019171623e-03,2.519346514241172508e-01,0.000000000000000000e+00
4.964944830486370947e-02,2.717542255795962758e-01,0.000000000000000000e+00
4.483924543132068036e-02,-1.241267340069072689e-01,0.000000000000000000e+00
1.422979228206814550e+00,3.977900816558087360e+00,1.000000000000000000e+00
1.144529359067103291e+00,4.694671559458153176e+00,1.000000000000000000e+00
1.702931193682584610e+00,5.627477952148463913e+00,1.000000000000000000e+00
5.324713107239957832e-01,7.508582659627148814e+01,3.000000000000000000e+00
4.787280868662898148e-01,7.724786944765517660e+01,3.000000000000000000e+00
2.704908544671317472e+00,1.572961473429161749e+01,2.000000000000000000e+00
1.528257455541284449e+00,5.450714618758467189e+00,1.000000000000000000e+00
1.588029866618871910e+00,2.401827866447736781e+01,2.000000000000000000e+00
5.574169207484903910e-02,8.753579081621308544e-02,0.000000000000000000e+00
1.677955987991819109e+00,4.473498421700962346e+00,1.000000000000000000e+00
1.855924827411138178e+00,1.373456799977446963e+01,2.000000000000000000e+00
1.075071755384625405e+00,2.994059343209693580e+01,3.000000000000000000e+00
6.712480057141645418e-02,2.021003841632759146e-01,0.000000000000000000e+00
2.260015663359130844e+00,1.917995351818311534e+01,2.000000000000000000e+00
8.004376679759380719e-01,4.236250697544564048e+01,3.000000000000000000e+00
6.805588621872198096e-02,3.451143607795041923e-01,0.000000000000000000e+00
6.955788089483032344e-02,2.075804558193726501e-01,0.000000000000000000e+00
2.238410945530127982e+00,1.778850366582272713e+01,2.000000000000000000e+00
1.042956019265145126e-02,2.357015485965047452e-01,0.000000000000000000e+00
1.026932439143055431e+00,3.171231253187206889e+00,1.000000000000000000e+00
1.705185931714831460e+00,1.749863485864076651e+01,2.000000000000000000e+00
8.955241923550012473e-01,7.311801553059521552e+01,3.000000000000000000e+00
3.854342174686254535e-02,6.198985417851085589e-02,0.000000000000000000e+00
1.055951424451618159e+00,6.285886189527413137e+01,3.000000000000000000e+00
1.088413478210141117e+00,6.087204892744907170e+01,3.000000000000000000e+00
3.238373991780420624e+00,2.247217841054985499e+01,2.000000000000000000e+00
1.324030470967110240e+00,5.636403398391884423e+00,1.000000000000000000e+00
-1.239490208179488961e-02,9.939826185002981207e-02,0.000000000000000000e+00
8.266035890065748237e-01,4.877132445109123360e+00,1.000000000000000000e+00
5.582203125850113690e-01,7.600819050455365300e+01,3.000000000000000000e+00
1.036972568659870531e+00,5.761962623810779505e+00,1.000000000000000000e+00
